07:00:01.418, 3.600000, -12.107508
07:00:04.926, 3.596829, -2.408174
07:00:06.580, 3.593670, -4.421835
07:00:08.854, 3.590522, 0.780687
07:00:13.125, 3.587384, -2.216411
07:00:13.489, 3.584257, -4.921222
07:00:15.936, 3.581142, -2.494347
07:00:17.804, 3.578037, 8.232804
07:00:23.040, 3.574943, 2.013588
07:00:28.082, 3.571860, 4.271678
07:00:31.057, 3.568787, 10.695162
07:00:36.662, 3.565726, 13.138232
07:00:39.382, 3.562675, 3.190051
07:00:45.098, 3.559635, 9.002967
07:00:49.238, 3.556606, 4.428193
07:00:50.693, 3.553587, 7.953459
07:00:55.259, 3.550579, 5.710403
07:00:59.466, 3.547582, 9.282055
07:01:01.847, 3.544595, 15.274528
07:01:05.067, 3.541619, 23.940533
07:01:07.024, 3.538654, 25.523571
07:01:07.385, 3.535699, 14.338167
07:01:08.681, 3.532755, 20.317799
07:01:10.630, 3.529821, 31.191803
07:01:14.157, 3.526898, 32.781554
07:01:17.361, 3.523986, 28.176271
07:01:17.500, 3.521084, 30.687990
07:01:17.930, 3.518192, 22.498489
07:01:21.629, 3.515311, 39.588121
07:01:23.669, 3.512440, 34.317140
07:01:26.284, 3.509580, 43.495345
07:01:31.251, 3.506730, 37.515433
07:01:37.199, 3.503891, 35.070947
07:01:41.808, 3.501062, 44.546104
07:01:45.551, 3.498243, 31.928585
07:01:48.651, 3.495434, 37.514508
07:01:52.799, 3.492636, 39.523260
07:01:53.458, 3.489848, 45.346737
07:01:57.051, 3.487071, 50.148349
07:01:59.923, 3.484303, 37.993954
07:02:04.516, 3.481546, 58.805328
07:02:06.081, 3.478799, 41.701385
07:02:08.141, 3.476063, 45.922025
07:02:11.889, 3.473336, 53.097959
07:02:12.718, 3.470620, 51.130150
07:02:14.068, 3.467914, 48.282584
07:02:14.578, 3.465218, 62.776156
07:02:15.607, 3.462531, 48.665846
07:02:16.234, 3.459856, 53.257714
07:02:20.545, 3.457190, 62.537265
07:02:21.134, 3.454534, 71.385345
07:02:21.236, 3.451888, 65.711919
07:02:23.431, 3.449252, 59.846907
07:02:26.150, 3.446626, 56.717941
07:02:29.229, 3.444010, 65.580470
07:02:33.952, 3.441404, 62.818207
07:02:37.930, 3.438808, 65.987981
07:02:42.025, 3.436222, 79.874734
07:02:46.980, 3.433646, 80.677102
07:02:49.261, 3.431079, 77.260489
07:02:52.117, 3.428523, 68.941078
07:02:53.129, 3.425976, 76.337101
07:02:57.119, 3.423439, 81.498517
07:02:58.486, 3.420912, 72.805459
07:02:59.811, 3.418395, 71.469930
07:03:02.821, 3.415887, 71.418745
07:03:05.860, 3.413389, 80.588225
07:03:10.551, 3.410901, 90.195335
07:03:12.991, 3.408422, 86.913622
07:03:15.241, 3.405953, 76.152507
07:03:17.428, 3.403494, 92.383307
07:03:20.896, 3.401045, 78.275484
07:03:25.565, 3.398605, 85.807953
07:03:29.809, 3.396174, 94.596477
07:03:31.690, 3.393754, 93.723765
07:03:35.017, 3.391342, 87.060144
07:03:39.337, 3.388941, 82.496920
07:03:43.199, 3.386548, 90.375814
07:03:43.207, 3.384166, 85.165487
07:03:44.470, 3.381793, 83.531504
07:03:45.866, 3.379429, 97.693444
07:03:49.336, 3.377074, 85.780156
07:03:50.400, 3.374730, 99.443344
07:03:52.872, 3.372394, 98.300070
07:03:53.977, 3.370068, 99.454925
07:03:55.494, 3.367751, 96.366124
07:03:57.619, 3.365444, 97.471666
07:03:58.573, 3.363146, 105.221053
07:03:59.661, 3.360857, 101.668427
07:04:03.205, 3.358577, 93.884899
07:04:03.785, 3.356307, 101.863662
07:04:07.349, 3.354046, 102.701492
07:04:09.438, 3.351794, 100.959989
07:04:11.388, 3.349552, 92.444086
07:04:13.176, 3.347318, 93.461573
07:04:15.805, 3.345094, 95.733228
07:04:20.281, 3.342879, 108.691391
07:04:21.919, 3.340673, 94.418098
07:04:26.267, 3.338476, 107.833813
07:04:28.180, 3.336289, 101.571630
07:04:33.443, 3.334110, 99.069631
07:04:36.039, 3.331940, 98.838974
07:04:36.697, 3.329780, 110.856304
07:04:40.327, 3.327628, 105.346180
07:04:44.385, 3.325486, 96.916177
07:04:44.512, 3.323352, 107.595922
07:04:48.624, 3.321227, 114.900317
07:04:54.360, 3.319112, 99.429561
07:04:58.186, 3.317005, 112.942138
07:05:04.140, 3.314907, 102.101191
07:05:08.065, 3.312818, 101.736086
07:05:10.846, 3.310738, 110.754016
07:05:15.751, 3.308666, 105.240819
07:05:18.833, 3.306604, 113.722864
07:05:23.710, 3.304550, 117.654265
07:05:24.827, 3.302505, 104.228675
07:05:29.337, 3.300469, 113.355776
07:05:30.404, 3.298442, 118.229932
07:05:32.083, 3.296423, 110.368698
07:05:37.472, 3.294413, 116.683720
07:05:37.780, 3.292412, 105.162963
07:05:38.996, 3.290419, 110.663108
07:05:42.964, 3.288435, 103.078299
07:05:48.903, 3.286460, 119.939899
07:05:51.406, 3.284493, 117.675268
07:05:54.529, 3.282535, 114.604887
07:05:59.206, 3.280585, 104.972717
07:06:03.513, 3.278644, 117.116059
07:06:08.935, 3.276712, 119.270751
07:06:13.360, 3.274788, 118.379882
07:06:14.080, 3.272872, 107.194856
07:06:15.370, 3.270965, 113.635176
07:06:17.487, 3.269066, 101.806793
07:06:20.595, 3.267176, 112.763032
07:06:22.955, 3.265294, 102.170241
07:06:25.291, 3.263421, 101.582096
07:06:28.348, 3.261556, 115.187998
07:06:31.547, 3.259700, 111.303853
07:06:32.029, 3.257851, 105.061610
07:06:33.563, 3.256011, 102.137676
07:06:33.824, 3.254180, 114.759109
07:06:35.533, 3.252356, 112.117122
07:06:38.262, 3.250541, 105.845518
07:06:42.944, 3.248734, 106.465644
07:06:44.907, 3.246936, 105.033396
07:06:47.219, 3.245145, 103.074189
07:06:50.328, 3.243363, 99.412964
07:06:52.626, 3.241589, 106.188709
07:06:53.102, 3.239823, 96.317608
07:06:55.667, 3.238065, 101.301105
07:06:59.075, 3.236315, 106.612167
07:07:02.976, 3.234574, 112.551340
07:07:05.950, 3.232840, 103.031741
07:07:09.717, 3.231115, 92.932088
07:07:10.137, 3.229397, 97.595480
07:07:11.165, 3.227688, 96.007695
07:07:14.261, 3.225986, 105.225561
07:07:15.923, 3.224293, 96.103378
07:07:17.148, 3.222607, 99.902355
07:07:19.443, 3.220929, 92.854356
07:07:22.226, 3.219260, 98.413157
07:07:25.663, 3.217598, 101.244944
07:07:28.454, 3.215944, 90.777251
07:07:32.824, 3.214298, 96.592542
07:07:34.598, 3.212659, 99.514415
07:07:38.996, 3.211029, 96.674047
07:07:41.293, 3.209406, 88.154884
07:07:45.397, 3.207791, 84.797813
07:07:49.165, 3.206184, 101.111292
07:07:53.743, 3.204585, 93.960646
07:07:55.204, 3.202993, 87.004255
07:07:59.552, 3.201409, 85.393945
07:08:02.773, 3.199833, 95.023861
07:08:02.883, 3.198264, 80.815808
07:08:05.998, 3.196703, 78.559880
07:08:07.483, 3.195150, 80.133662
07:08:11.396, 3.193604, 81.896428
07:08:16.269, 3.192066, 76.297462
07:08:18.280, 3.190535, 82.848345
07:08:20.293, 3.189012, 74.796089
07:08:25.902, 3.187497, 72.926800
07:08:30.488, 3.185989, 76.910577
07:08:32.170, 3.184488, 74.743998
07:08:37.114, 3.182995, 72.753885
07:08:41.641, 3.181510, 73.916871
07:08:46.234, 3.180031, 68.675803
07:08:50.480, 3.178561, 74.279140
07:08:52.484, 3.177097, 65.486621
07:08:52.588, 3.175641, 70.563741
07:08:53.332, 3.174193, 70.685787
07:08:54.995, 3.172751, 75.774587
07:08:56.121, 3.171317, 79.773762
07:08:57.333, 3.169891, 69.369291
07:08:57.648, 3.168471, 67.537393
07:09:00.216, 3.167059, 64.120164
07:09:02.254, 3.165654, 72.515861
07:09:02.860, 3.164256, 56.125103
07:09:05.801, 3.162866, 68.818878
07:09:07.807, 3.161482, 55.923149
07:09:09.576, 3.160106, 52.407315
07:09:12.527, 3.158737, 65.847920
07:09:16.167, 3.157375, 50.202445
07:09:19.456, 3.156021, 54.826291
07:09:19.690, 3.154673, 60.262742
07:09:24.376, 3.153332, 51.083414
07:09:26.623, 3.151998, 54.624207
07:09:28.180, 3.150672, 46.948809
07:09:28.260, 3.149352, 57.150395
07:09:30.745, 3.148040, 56.764714
07:09:36.552, 3.146734, 48.308161
07:09:41.185, 3.145435, 47.494269
07:09:43.603, 3.144144, 55.088241
07:09:48.311, 3.142859, 39.933435
07:09:49.886, 3.141581, 35.207174
07:09:53.898, 3.140310, 31.530632
07:09:56.757, 3.139045, 38.008158
07:10:00.979, 3.137788, 41.914349
07:10:06.782, 3.136537, 39.239608
07:10:10.154, 3.135294, 40.624921
07:10:12.232, 3.134057, 31.620095
07:10:17.082, 3.132826, 28.623144
07:10:21.040, 3.131603, 33.137912
07:10:21.348, 3.130386, 28.229274
07:10:24.317, 3.129176, 35.445395
07:10:26.686, 3.127972, 20.922530
07:10:30.165, 3.126775, 19.184643
07:10:30.553, 3.125585, 14.634315
07:10:34.165, 3.124402, 22.758730
07:10:37.854, 3.123225, 11.840828
07:10:38.990, 3.122055, 23.291499
07:10:41.105, 3.120891, 22.253731
07:10:44.883, 3.119733, 25.025320
07:10:48.274, 3.118583, 13.051977
07:10:49.641, 3.117439, 11.236400
07:10:52.390, 3.116301, 10.203687
07:10:53.476, 3.115169, 15.348042
07:10:57.229, 3.114045, 10.326222
07:11:01.013, 3.112926, 0.530217
07:11:04.681, 3.111814, 8.467214
07:11:07.154, 3.110709, -1.928951
07:11:09.436, 3.109609, 9.470104
07:11:10.687, 3.108517, -2.945894
07:11:14.821, 3.107430, 8.091414
07:11:17.446, 3.106350, 5.341512
07:11:20.145, 3.105276, 0.827415
07:11:23.586, 3.104208, 5.648904
07:11:26.589, 3.103147, -13.838052
07:11:28.500, 3.102091, -2.763592
07:11:30.756, 3.101042, -2.700864
07:11:33.488, 3.100000, -7.138329
07:11:36.758, 3.098963, -12.214338
07:11:42.743, 3.097933, -9.514350
07:11:48.712, 3.096908, -7.141366
07:11:49.500, 3.095890, -6.520277
07:11:50.621, 3.094878, -24.343886
07:11:53.321, 3.093872, -11.221449
07:11:57.630, 3.092872, -16.582831
07:12:02.241, 3.091878, -26.018048
07:12:05.916, 3.090890, -28.561738
07:12:07.730, 3.089908, -27.411556
07:12:09.945, 3.088932, -30.469222
07:12:13.346, 3.087962, -26.295549
07:12:18.343, 3.086998, -35.266483
07:12:23.033, 3.086040, -23.937539
07:12:28.676, 3.085088, -23.256963
07:12:31.421, 3.084142, -24.251606
07:12:32.550, 3.083201, -29.861883
07:12:36.769, 3.082267, -42.423388
07:12:39.799, 3.081338, -38.569752
07:12:40.901, 3.080415, -31.617262
07:12:44.013, 3.079498, -37.972023
07:12:46.012, 3.078587, -40.636398
07:12:49.918, 3.077681, -51.295570
07:12:53.470, 3.076781, -49.342820
07:12:56.233, 3.075887, -52.525997
07:12:59.161, 3.074998, -47.724215
07:13:00.702, 3.074116, -42.086602
07:13:03.065, 3.073238, -58.691242
07:13:07.147, 3.072367, -47.058427
07:13:11.687, 3.071501, -56.111118
07:13:14.065, 3.070641, -46.191053
07:13:15.581, 3.069786, -57.936716
07:13:17.106, 3.068937, -64.006599
07:13:20.856, 3.068093, -66.683474
07:13:21.043, 3.067255, -70.066477
07:13:22.606, 3.066422, -59.017608
07:13:24.573, 3.065595, -70.591913
07:13:27.622, 3.064774, -67.568088
07:13:30.633, 3.063957, -76.252477
07:13:30.956, 3.063147, -73.933056
07:13:33.248, 3.062341, -63.266019
07:13:38.616, 3.061541, -63.054118
07:13:39.681, 3.060746, -68.791908
07:13:40.333, 3.059957, -70.214990
07:13:43.883, 3.059173, -80.282363
07:13:47.964, 3.058395, -82.041873
07:13:51.228, 3.057621, -80.960185
07:13:52.574, 3.056853, -83.893225
07:13:54.782, 3.056090, -81.673510
07:13:58.413, 3.055332, -86.139966
07:14:00.252, 3.054580, -76.449745
07:14:02.342, 3.053833, -91.299366
07:14:05.800, 3.053091, -78.408937
07:14:10.045, 3.052354, -77.959251
07:14:12.613, 3.051622, -91.120831
07:14:14.048, 3.050895, -80.604662
07:14:17.129, 3.050174, -78.917400
07:14:21.440, 3.049457, -94.781660
07:14:27.016, 3.048746, -99.351813
07:14:32.682, 3.048039, -92.870385
07:14:36.485, 3.047338, -88.894325
07:14:40.360, 3.046642, -91.581223
07:14:41.532, 3.045950, -97.980066
07:14:44.098, 3.045264, -94.021938
07:14:47.491, 3.044582, -89.277689
07:14:51.072, 3.043906, -88.684666
07:14:56.633, 3.043234, -94.244116
07:14:58.125, 3.042567, -109.204072
07:14:59.967, 3.041905, -94.310578
07:15:05.315, 3.041248, -105.086597
07:15:08.312, 3.040596, -110.225021
07:15:13.433, 3.039948, -110.048392
07:15:16.709, 3.039306, -108.797973
07:15:19.276, 3.038668, -113.946464
07:15:20.350, 3.038035, -113.519181
07:15:21.975, 3.037406, -117.392727
07:15:24.470, 3.036782, -112.294272
07:15:26.632, 3.036163, -119.166377
07:15:31.151, 3.035549, -115.169281
07:15:33.319, 3.034939, -116.423194
07:15:38.156, 3.034334, -112.568411
07:15:39.913, 3.033734, -108.228731
07:15:40.902, 3.033138, -122.877208
07:15:45.874, 3.032547, -116.119498
07:15:48.477, 3.031960, -122.461761
07:15:49.931, 3.031378, -119.374535
07:15:51.977, 3.030800, -126.071279
07:15:52.712, 3.030227, -111.201700
07:15:54.629, 3.029658, -109.976512
07:15:58.309, 3.029094, -111.883203
07:16:02.887, 3.028534, -121.213600
07:16:02.936, 3.027978, -123.762874
07:16:07.241, 3.027427, -123.349418
07:16:10.433, 3.026881, -119.242359
07:16:11.233, 3.026339, -124.262351
07:16:12.793, 3.025801, -119.634512
07:16:15.265, 3.025267, -120.890188
07:16:19.435, 3.024738, -123.477414
07:16:23.270, 3.024213, -115.460508
07:16:23.484, 3.023692, -128.926881
07:16:27.439, 3.023175, -118.387982
07:16:30.770, 3.022663, -126.799566
07:16:34.123, 3.022155, -127.476824
07:16:34.798, 3.021651, -117.352101
07:16:40.032, 3.021151, -118.751226
07:16:44.122, 3.020656, -135.666093
07:16:49.075, 3.020164, -117.699154
07:16:50.811, 3.019677, -117.760568
07:16:53.319, 3.019194, -131.273741
07:16:55.136, 3.018715, -122.963842
07:16:58.711, 3.018240, -132.930623
07:16:59.147, 3.017768, -127.352180
07:17:02.579, 3.017301, -130.302492
07:17:02.739, 3.016838, -123.189698
07:17:04.647, 3.016379, -127.225078
07:17:08.701, 3.015924, -129.907340
07:17:10.601, 3.015473, -120.333701
07:17:14.933, 3.015026, -134.111377
07:17:15.821, 3.014582, -119.952417
07:17:18.467, 3.014143, -139.185660
07:17:20.187, 3.013707, -121.360542
07:17:24.025, 3.013275, -121.362340
07:17:25.058, 3.012847, -125.520232
07:17:25.612, 3.012423, -138.853307
07:17:30.135, 3.012003, -125.540085
07:17:31.396, 3.011586, -134.907716
07:17:36.289, 3.011173, -130.499566
07:17:39.724, 3.010764, -130.411905
07:17:41.018, 3.010358, -127.948477
07:17:45.949, 3.009957, -127.985373
07:17:50.239, 3.009559, -130.978473
07:17:52.746, 3.009164, -129.097770
07:17:58.615, 3.008773, -136.794406
07:18:00.087, 3.008386, -136.784516
07:18:01.559, 3.008002, -124.018437
07:18:04.660, 3.007622, -131.225492
07:18:06.907, 3.007246, -126.567627
07:18:12.430, 3.006873, -120.223304
07:18:16.690, 3.006503, -119.394031
07:18:18.216, 3.006137, -136.271196
07:18:19.680, 3.005775, -119.988391
07:18:25.079, 3.005416, -119.243468
07:18:25.390, 3.005060, -119.817265
07:18:29.974, 3.004708, -131.824191
07:18:33.937, 3.004359, -124.302062
07:18:39.504, 3.004014, -132.216397
07:18:42.982, 3.003672, -133.090568
07:18:48.770, 3.003333, -124.173575
07:18:53.691, 3.002997, -121.270061
07:18:55.841, 3.002665, -129.326024
07:19:01.743, 3.002336, -119.341722
07:19:02.997, 3.002011, -123.031908
07:19:06.658, 3.001689, -114.046043
07:19:10.941, 3.001369, -131.277518
07:19:15.883, 3.001053, -130.077663
07:19:16.940, 3.000741, -126.850459
07:19:19.465, 3.000431, -126.174065
07:19:21.202, 3.000125, -118.936131
07:19:21.335, 2.999821, -127.627316
07:19:26.180, 2.999521, -118.598978
07:19:30.682, 2.999224, -116.773332
07:19:34.535, 2.998930, -122.934962
07:19:37.203, 2.998639, -118.135191
07:19:40.869, 2.998351, -115.646590
07:19:45.723, 2.998066, -107.049270
07:19:46.186, 2.997784, -113.691049
07:19:47.467, 2.997505, -120.283783
07:19:48.889, 2.997229, -118.143987
07:19:53.181, 2.996956, -119.674468
07:19:57.332, 2.996686, -115.918624
07:20:00.293, 2.996419, -104.573796
07:20:03.885, 2.996154, -106.892512
07:20:08.802, 2.995893, -100.861398
07:20:09.963, 2.995634, -117.290142
07:20:12.705, 2.995378, -116.374166
07:20:15.479, 2.995125, -106.439165
07:20:15.580, 2.994875, -101.101220
07:20:16.256, 2.994627, -110.974710
07:20:20.464, 2.994382, -100.390140
07:20:22.942, 2.994140, -101.619338
07:20:26.136, 2.993901, -105.279739
07:20:27.183, 2.993664, -94.515848
07:20:31.925, 2.993430, -99.706092
07:20:35.293, 2.993199, -91.794613
07:20:39.954, 2.992970, -91.897359
07:20:40.823, 2.992744, -105.066900
07:20:44.414, 2.992520, -88.975101
07:20:47.951, 2.992299, -93.599875
07:20:53.082, 2.992081, -91.844483
07:20:55.153, 2.991865, -96.319855
07:21:00.255, 2.991651, -88.611075
07:21:03.220, 2.991440, -80.114920
07:21:07.718, 2.991232, -81.815087
07:21:12.222, 2.991026, -87.049805
07:21:13.873, 2.990822, -92.465526
07:21:19.865, 2.990621, -77.188402
07:21:23.207, 2.990422, -77.428581
07:21:23.301, 2.990226, -80.516799
07:21:25.285, 2.990032, -90.154358
07:21:28.932, 2.989840, -80.842350
07:21:33.318, 2.989650, -88.033736
07:21:34.699, 2.989463, -73.100117
07:21:36.143, 2.989278, -82.864859
07:21:38.018, 2.989096, -73.749670
07:21:39.502, 2.988915, -70.147449
07:21:41.260, 2.988737, -72.216963
07:21:42.391, 2.988561, -71.820134
07:21:42.614, 2.988388, -73.306973
07:21:44.372, 2.988216, -62.528816
07:21:45.717, 2.988047, -77.636164
07:21:48.932, 2.987879, -73.878348
07:21:53.121, 2.987714, -73.025800
07:21:55.851, 2.987551, -56.403725
07:21:58.426, 2.987390, -67.450955
07:22:02.470, 2.987231, -59.124958
07:22:04.327, 2.987074, -54.189957
07:22:06.888, 2.986919, -66.591192
07:22:10.268, 2.986766, -65.851825
07:22:12.776, 2.986615, -63.358752
07:22:14.614, 2.986466, -48.436986
07:22:17.434, 2.986318, -46.498225
07:22:21.975, 2.986173, -60.826451
07:22:24.759, 2.986030, -49.810396
07:22:28.222, 2.985888, -46.316055
07:22:31.470, 2.985749, -46.424294
07:22:34.074, 2.985611, -36.084275
07:22:35.779, 2.985475, -45.952823
07:22:40.448, 2.985341, -49.165944
07:22:43.305, 2.985208, -41.922936
07:22:45.972, 2.985077, -37.637323
07:22:51.341, 2.984949, -31.259419
07:22:55.527, 2.984821, -39.744289
07:22:57.465, 2.984696, -44.015605
07:23:00.276, 2.984572, -42.381692
07:23:01.987, 2.984450, -30.385970
07:23:07.716, 2.984329, -26.656548
07:23:11.312, 2.984210, -35.059598
07:23:12.359, 2.984093, -25.627308
07:23:14.966, 2.983977, -18.659825
07:23:19.890, 2.983863, -27.011847
07:23:20.600, 2.983750, -14.877222
07:23:22.187, 2.983639, -12.982227
07:23:26.065, 2.983530, -30.071527
07:23:26.804, 2.983422, -12.624385
07:23:27.969, 2.983315, -25.456283
07:23:33.008, 2.983210, -8.375421
07:23:38.359, 2.983106, -19.148029
07:23:44.242, 2.983003, -14.579599
07:23:47.307, 2.982902, -13.103081
07:23:49.430, 2.982803, -12.073502
07:23:52.995, 2.982705, -12.424943
07:23:54.426, 2.982608, -6.264945
07:23:58.052, 2.982512, -1.171718
07:24:00.329, 2.982418, -6.704425
07:24:02.841, 2.982325, -8.470201
07:24:03.627, 2.982233, -1.075781
07:24:07.020, 2.982142, 10.244628
07:24:11.291, 2.982053, -7.872221
07:24:14.771, 2.981965, 11.331078
07:24:15.721, 2.981878, -3.171477
07:24:19.028, 2.981792, -1.261118
07:24:19.115, 2.981707, 12.968079
07:24:19.301, 2.981624, 6.221914
07:24:20.339, 2.981541, 7.067107
07:24:22.264, 2.981460, 18.252100
07:24:23.134, 2.981380, 14.486721
07:24:25.628, 2.981300, 10.267984
07:24:29.478, 2.981222, 9.157285
07:24:34.206, 2.981145, 11.522443
07:24:37.263, 2.981068, 16.012683
07:24:39.293, 2.980993, 19.205414
07:24:40.453, 2.980919, 30.878519
07:24:44.965, 2.980845, 33.209412
07:24:49.129, 2.980773, 19.351327
07:24:50.170, 2.980701, 35.756951
07:24:51.131, 2.980630, 18.533618
07:24:55.095, 2.980560, 33.730372
07:25:00.591, 2.980491, 33.431815
07:25:05.081, 2.980423, 23.352907
07:25:05.968, 2.980355, 31.371293
07:25:08.093, 2.980289, 40.738506
07:25:09.439, 2.980223, 32.112566
07:25:12.082, 2.980158, 38.909804
07:25:17.346, 2.980093, 41.995232
07:25:21.553, 2.980029, 39.040150
07:25:26.164, 2.979966, 42.551512
07:25:29.656, 2.979903, 50.614472
07:25:32.247, 2.979842, 54.068348
07:25:34.373, 2.979780, 48.754245
07:25:37.764, 2.979720, 41.524423
07:25:39.576, 2.979660, 54.679968
07:25:42.886, 2.979600, 52.733438
07:25:45.489, 2.979541, 54.376476
07:25:49.534, 2.979483, 52.091131
07:25:54.938, 2.979425, 54.072340
07:25:57.378, 2.979367, 64.063076
07:25:59.935, 2.979310, 48.388997
07:26:05.057, 2.979254, 55.599110
07:26:10.995, 2.979197, 63.572971
07:26:13.350, 2.979142, 69.006766
07:26:16.638, 2.979086, 63.649481
07:26:20.138, 2.979031, 62.183262
07:26:23.607, 2.978977, 65.406231
07:26:27.070, 2.978922, 62.752338
07:26:28.991, 2.978868, 60.459904
07:26:30.230, 2.978815, 73.342095
07:26:34.183, 2.978761, 66.222978
07:26:34.808, 2.978708, 69.233845
07:26:39.708, 2.978655, 77.835976
07:26:42.006, 2.978602, 66.680090
07:26:42.902, 2.978550, 77.793311
07:26:44.591, 2.978497, 66.391385
07:26:49.885, 2.978445, 71.411983
07:26:53.751, 2.978393, 85.976366
07:26:55.747, 2.978341, 81.009293
07:26:57.673, 2.978289, 69.107177
07:26:57.838, 2.978237, 79.992304
07:27:01.829, 2.978185, 78.294848
07:27:03.982, 2.978134, 74.588560
07:27:06.692, 2.978082, 76.943236
07:27:08.437, 2.978030, 91.926764
07:27:14.010, 2.977979, 87.175359
07:27:17.909, 2.977927, 75.688488
07:27:20.054, 2.977875, 84.836414
07:27:23.056, 2.977823, 87.239927
07:27:25.502, 2.977771, 80.477296
07:27:27.000, 2.977719, 84.203031
07:27:29.213, 2.977667, 92.378966
07:27:33.210, 2.977614, 85.940827
07:27:33.484, 2.977562, 100.084135
07:27:37.031, 2.977509, 97.229269
07:27:40.740, 2.977456, 87.298863
07:27:43.024, 2.977403, 102.316132
07:27:48.000, 2.977349, 86.152891
07:27:51.654, 2.977295, 97.130514
07:27:53.157, 2.977241, 105.590980
07:27:53.635, 2.977187, 98.542524
07:27:56.547, 2.977132, 91.821589
07:27:58.599, 2.977077, 99.234094
07:28:03.346, 2.977022, 98.227426
07:28:05.622, 2.976966, 100.567424
07:28:10.134, 2.976910, 109.738866
07:28:13.563, 2.976853, 101.555567
07:28:14.891, 2.976796, 107.754645
07:28:19.827, 2.976739, 109.492505
07:28:25.682, 2.976681, 111.692080
07:28:28.620, 2.976622, 112.547743
07:28:30.537, 2.976563, 100.824020
07:28:35.572, 2.976504, 108.721265
07:28:36.760, 2.976443, 96.968942
07:28:40.865, 2.976383, 110.373169
07:28:42.241, 2.976321, 97.351446
07:28:43.158, 2.976260, 103.126215
07:28:44.633, 2.976197, 102.423430
07:28:46.818, 2.976134, 105.941848
07:28:49.113, 2.976070, 112.780152
07:28:53.284, 2.976005, 103.123078
07:28:56.637, 2.975940, 99.996139
07:28:58.338, 2.975874, 116.844692
07:29:02.693, 2.975807, 109.954998
07:29:07.513, 2.975740, 115.282240
07:29:10.206, 2.975671, 102.086207
07:29:12.200, 2.975602, 99.960600
07:29:17.417, 2.975532, 116.566648
07:29:19.733, 2.975461, 105.263023
07:29:24.396, 2.975389, 113.592780
07:29:26.096, 2.975317, 101.005851
07:29:30.789, 2.975243, 108.265531
07:29:34.736, 2.975169, 115.080145
07:29:39.079, 2.975093, 106.016503
07:29:42.591, 2.975017, 111.485371
07:29:44.831, 2.974940, 114.243448
07:29:49.621, 2.974861, 114.562337
07:29:49.907, 2.974782, 112.959803
07:29:53.611, 2.974702, 118.984435
07:29:56.485, 2.974620, 101.337245
07:30:00.822, 2.974538, 115.470755
07:30:01.397, 2.974454, 110.930051
07:30:05.775, 2.974369, 110.533445
07:30:10.896, 2.974283, 106.988414
07:30:12.484, 2.974196, 110.577296
07:30:14.778, 2.974108, 110.939437
07:30:19.176, 2.974018, 113.167514
07:30:24.290, 2.973928, 101.520718
07:30:27.412, 2.973836, 112.978125
07:30:28.903, 2.973743, 107.061413
07:30:34.419, 2.973648, 112.078824
07:30:35.950, 2.973552, 108.762413
07:30:39.089, 2.973455, 115.801891
07:30:40.255, 2.973357, 106.204806
07:30:43.096, 2.973257, 116.511357
07:30:47.660, 2.973156, 108.595080
07:30:50.037, 2.973054, 98.571200
07:30:53.610, 2.972950, 100.599914
07:30:56.943, 2.972844, 102.956820
07:30:59.570, 2.972738, 104.675062
07:31:00.823, 2.972629, 111.254884
07:31:00.879, 2.972520, 102.066200
07:31:01.390, 2.972408, 111.044435
07:31:02.988, 2.972296, 95.834264
07:31:03.931, 2.972181, 102.762395
07:31:09.740, 2.972065, 102.514876
07:31:13.960, 2.971948, 111.458120
07:31:15.879, 2.971829, 98.275055
07:31:20.225, 2.971708, 95.923725
07:31:21.224, 2.971586, 99.328543
07:31:24.956, 2.971462, 105.248597
07:31:26.104, 2.971336, 94.851709
07:31:30.054, 2.971209, 97.355039
07:31:30.331, 2.971080, 95.286557
07:31:33.947, 2.970949, 105.793647
07:31:35.749, 2.970816, 88.760279
07:31:36.408, 2.970682, 92.661855
07:31:39.849, 2.970546, 97.353548
07:31:42.114, 2.970408, 103.050415
07:31:45.530, 2.970268, 103.639388
07:31:47.422, 2.970126, 91.284934
07:31:53.008, 2.969983, 89.918890
07:31:54.348, 2.969837, 94.818492
07:31:56.127, 2.969690, 86.935924
07:31:57.522, 2.969541, 86.847012
07:31:58.758, 2.969390, 87.217749
07:31:59.558, 2.969236, 83.377915
07:32:00.818, 2.969081, 79.544460
07:32:05.039, 2.968924, 89.515089
07:32:05.828, 2.968765, 76.564281
07:32:07.388, 2.968604, 79.277010
07:32:10.638, 2.968440, 82.609869
07:32:13.867, 2.968275, 84.224776
07:32:15.325, 2.968107, 77.706666
07:32:16.925, 2.967938, 86.370104
07:32:19.857, 2.967766, 85.543929
07:32:22.640, 2.967592, 73.727794
07:32:27.395, 2.967416, 74.966676
07:32:30.871, 2.967238, 77.233447
07:32:32.166, 2.967057, 69.443495
07:32:35.778, 2.966874, 74.042312
07:32:40.017, 2.966689, 68.270828
07:32:41.864, 2.966502, 64.512545
07:32:45.921, 2.966312, 81.796425
07:32:48.363, 2.966120, 69.767895
07:32:49.685, 2.965926, 79.658002
07:32:54.755, 2.965729, 67.189064
07:32:58.058, 2.965530, 62.889898
07:33:00.820, 2.965329, 60.096862
07:33:01.309, 2.965125, 60.921490
07:33:04.197, 2.964919, 54.259942
07:33:08.555, 2.964710, 63.474456
07:33:13.498, 2.964499, 54.690291
07:33:19.322, 2.964285, 62.658505
07:33:22.074, 2.964069, 66.558172
07:33:24.549, 2.963850, 48.787277
07:33:29.015, 2.963629, 56.842368
07:33:33.874, 2.963405, 47.634830
07:33:37.869, 2.963179, 58.470667
07:33:42.548, 2.962950, 55.094930
07:33:44.693, 2.962718, 48.816020
07:33:45.899, 2.962484, 54.399171
07:33:47.371, 2.962247, 55.811761
07:33:52.278, 2.962007, 52.962917
07:33:53.194, 2.961765, 50.798655
07:33:56.732, 2.961520, 54.947240
07:33:58.623, 2.961272, 34.307781
07:34:00.636, 2.961022, 46.215497
07:34:04.181, 2.960768, 45.116396
07:34:05.334, 2.960512, 32.838968
07:34:08.413, 2.960253, 47.002706
07:34:09.906, 2.959991, 44.317431
07:34:11.942, 2.959727, 30.543297
07:34:14.850, 2.959459, 41.240821
07:34:18.971, 2.959189, 31.969192
07:34:21.573, 2.958915, 40.136944
07:34:25.179, 2.958639, 33.561600
07:34:26.715, 2.958360, 21.353982
07:34:30.247, 2.958078, 18.443543
07:34:30.437, 2.957793, 19.846163
07:34:32.941, 2.957504, 14.564595
07:34:36.085, 2.957213, 32.491919
07:34:41.498, 2.956919, 16.258660
07:34:44.438, 2.956621, 13.660565
07:34:44.641, 2.956321, 13.600024
07:34:45.555, 2.956017, 13.816934
07:34:49.517, 2.955711, 5.743980
07:34:52.406, 2.955401, 21.452522
07:34:56.867, 2.955088, 7.163857
07:35:00.053, 2.954772, 5.267906
07:35:02.049, 2.954452, 15.856369
07:35:05.638, 2.954130, 9.889582
07:35:08.165, 2.953804, 3.134950
07:35:10.015, 2.953475, 13.320823
07:35:12.396, 2.953142, 4.033703
07:35:14.355, 2.952807, -4.189176
07:35:18.237, 2.952468, -1.100162
07:35:20.520, 2.952125, -3.626847
07:35:24.818, 2.951780, 5.779946
07:35:26.393, 2.951430, -12.196712
07:35:30.351, 2.951078, -11.537571
07:35:34.909, 2.950722, -7.591012
07:35:38.760, 2.950363, -16.537971
07:35:42.929, 2.950000, -16.448100
07:35:45.143, 2.949634, -21.170490
07:35:48.634, 2.949264, -14.689510
07:35:51.140, 2.948890, -22.628600
07:35:54.720, 2.948514, -15.763290
07:35:57.184, 2.948133, -24.232986
07:35:59.583, 2.947749, -9.040327
07:36:00.907, 2.947362, -24.909605
07:36:02.573, 2.946971, -26.880843
07:36:06.270, 2.946576, -24.937756
07:36:06.784, 2.946177, -31.169893
07:36:10.094, 2.945775, -31.970585
07:36:10.161, 2.945370, -32.579029
07:36:13.428, 2.944960, -22.262318
07:36:18.898, 2.944547, -29.052408
07:36:22.148, 2.944130, -32.574109
07:36:25.156, 2.943709, -33.472042
07:36:29.452, 2.943285, -43.794290
07:36:33.216, 2.942856, -45.583475
07:36:38.829, 2.942424, -38.770128
07:36:39.592, 2.941988, -31.231482
07:36:41.525, 2.941548, -45.598675
07:36:42.772, 2.941105, -49.038377
07:36:47.304, 2.940657, -40.829710
07:36:49.151, 2.940205, -47.239924
07:36:49.190, 2.939750, -38.968650
07:36:51.045, 2.939291, -54.019035
07:36:54.846, 2.938827, -42.123701
07:36:59.756, 2.938360, -56.829567
07:37:01.897, 2.937888, -53.436831
07:37:04.676, 2.937413, -62.221896
07:37:06.483, 2.936933, -65.524372
07:37:11.052, 2.936450, -63.982081
07:37:15.770, 2.935962, -66.959836
07:37:18.957, 2.935470, -65.743605
07:37:22.273, 2.934974, -53.801483
07:37:25.472, 2.934474, -59.627118
07:37:27.487, 2.933970, -66.699378
07:37:30.214, 2.933462, -74.292878
07:37:36.142, 2.932949, -65.358629
07:37:39.058, 2.932432, -58.178370
07:37:40.760, 2.931911, -75.943865
07:37:42.397, 2.931386, -76.042196
07:37:45.747, 2.930856, -71.624966
07:37:48.681, 2.930322, -81.613907
07:37:53.235, 2.929784, -80.778929
07:37:57.915, 2.929241, -69.465433
07:38:02.343, 2.928694, -85.929564
07:38:05.409, 2.928143, -76.566073
07:38:07.122, 2.927587, -81.790255
07:38:09.062, 2.927027, -88.770586
07:38:10.936, 2.926462, -76.540323
07:38:11.534, 2.925893, -78.793112
07:38:14.439, 2.925319, -92.313100
07:38:16.036, 2.924741, -75.949509
07:38:20.731, 2.924158, -91.701966
07:38:23.315, 2.923571, -88.658147
07:38:26.150, 2.922980, -82.093540
07:38:31.647, 2.922383, -85.926023
07:38:32.693, 2.921782, -96.228702
07:38:34.966, 2.921177, -99.822485
07:38:37.769, 2.920567, -83.872313
07:38:39.900, 2.919952, -88.891710
07:38:41.522, 2.919333, -93.357348
07:38:42.836, 2.918709, -88.280291
07:38:46.643, 2.918080, -95.805754
07:38:48.698, 2.917446, -105.697895
07:38:53.451, 2.916808, -96.187334
07:38:57.191, 2.916165, -95.428871
07:38:59.110, 2.915517, -95.776438
07:39:04.921, 2.914864, -102.243187
07:39:09.674, 2.914207, -100.728242
07:39:10.959, 2.913544, -106.480132
07:39:15.539, 2.912877, -114.465940
07:39:15.658, 2.912205, -98.567539
07:39:17.549, 2.911528, -101.399151
07:39:21.628, 2.910846, -109.675037
07:39:26.163, 2.910159, -100.846338
07:39:26.549, 2.909467, -117.385694
07:39:31.422, 2.908770, -101.234371
07:39:32.441, 2.908069, -120.911755
07:39:33.676, 2.907362, -121.235899
07:39:39.407, 2.906650, -113.702558
07:39:43.129, 2.905933, -123.099768
07:39:43.870, 2.905211, -117.747879
07:39:45.106, 2.904484, -113.326535
07:39:49.718, 2.903752, -118.070207
07:39:52.764, 2.903014, -116.016433
07:39:53.128, 2.902272, -121.408428
07:39:57.308, 2.901524, -111.635729
07:40:02.020, 2.900771, -109.634624
07:40:06.670, 2.900013, -117.601475
07:40:07.708, 2.899250, -127.012840
07:40:09.884, 2.898481, -123.919194
07:40:11.710, 2.897707, -113.978570
07:40:13.827, 2.896928, -123.007294
07:40:19.327, 2.896144, -129.453635
07:40:22.249, 2.895354, -121.802772
07:40:26.509, 2.894559, -131.855854
07:40:29.833, 2.893758, -129.113774
07:40:32.493, 2.892953, -133.231598
07:40:35.526, 2.892141, -133.738799
07:40:39.229, 2.891325, -125.362825
07:40:44.164, 2.890502, -116.478567
07:40:48.099, 2.889675, -126.090624
07:40:51.395, 2.888842, -119.437739
07:40:54.789, 2.888003, -123.414031
07:40:55.288, 2.887159, -120.607654
07:41:00.079, 2.886309, -122.085130
07:41:01.913, 2.885454, -120.562785
07:41:03.582, 2.884593, -119.573674
07:41:05.628, 2.883727, -128.858732
07:41:10.558, 2.882855, -134.031681
07:41:11.826, 2.881977, -135.020153
07:41:13.921, 2.881094, -135.994284
07:41:18.268, 2.880205, -121.489481
07:41:21.083, 2.879310, -120.807126
07:41:21.805, 2.878410, -119.669648
07:41:24.222, 2.877504, -121.436656
07:41:26.267, 2.876592, -134.103201
07:41:28.650, 2.875674, -133.601935
07:41:31.727, 2.874751, -132.943118
07:41:37.080, 2.873822, -130.321708
07:41:40.942, 2.872887, -129.771210
07:41:46.886, 2.871946, -125.952398
07:41:47.897, 2.870999, -121.594878
07:41:50.132, 2.870046, -135.503868
07:41:54.551, 2.869088, -124.538682
07:41:56.348, 2.868123, -130.599356
07:41:58.198, 2.867153, -128.693421
07:42:02.360, 2.866176, -121.415915
07:42:05.457, 2.865194, -136.338991
07:42:07.997, 2.864205, -123.410316
07:42:09.517, 2.863211, -134.824709
07:42:14.378, 2.862211, -127.725007
07:42:19.775, 2.861204, -121.471550
07:42:20.078, 2.860191, -131.535199
07:42:21.221, 2.859173, -135.835617
07:42:26.977, 2.858148, -121.684819
07:42:31.691, 2.857117, -119.135399
07:42:34.866, 2.856080, -120.779503
07:42:38.151, 2.855036, -123.292732
07:42:42.408, 2.853987, -132.738987
07:42:44.118, 2.852931, -120.097604
07:42:45.822, 2.851869, -133.489952
07:42:49.860, 2.850801, -118.259858
07:42:51.406, 2.849726, -119.846561
07:42:57.276, 2.848646, -123.483375
07:42:59.323, 2.847559, -126.819821
07:43:00.504, 2.846465, -118.162002
07:43:00.553, 2.845365, -118.717686
07:43:03.173, 2.844259, -131.254593
07:43:08.073, 2.843147, -127.090925
07:43:10.735, 2.842028, -130.159215
07:43:16.035, 2.840902, -121.281011
07:43:16.879, 2.839771, -123.800393
07:43:19.997, 2.838632, -114.541221
07:43:24.834, 2.837487, -118.075209
07:43:27.832, 2.836336, -118.248560
07:43:31.819, 2.835178, -118.022098
07:43:33.832, 2.834014, -108.901135
07:43:37.146, 2.832843, -113.228091
07:43:38.435, 2.831666, -120.743242
07:43:42.199, 2.830481, -113.887630
07:43:42.866, 2.829291, -119.084879
07:43:47.247, 2.828093, -119.677134
07:43:52.233, 2.826889, -105.130588
07:43:56.796, 2.825679, -112.889712
07:44:00.196, 2.824461, -119.714558
07:44:04.197, 2.823237, -110.728683
07:44:08.237, 2.822006, -113.840265
07:44:11.627, 2.820769, -108.956222
07:44:13.362, 2.819524, -101.155729
07:44:18.388, 2.818273, -100.569262
07:44:21.030, 2.817015, -101.598406
07:44:24.040, 2.815750, -97.095392
07:44:28.748, 2.814479, -103.250260
07:44:32.104, 2.813200, -100.991657
07:44:37.886, 2.811915, -96.937628
07:44:43.791, 2.810622, -102.685630
07:44:49.681, 2.809323, -101.001752
07:44:53.208, 2.808017, -97.346548
07:44:53.221, 2.806703, -95.678279
07:44:55.862, 2.805383, -101.368486
07:45:01.284, 2.804056, -106.555224
07:45:04.636, 2.802722, -101.603405
07:45:08.988, 2.801381, -104.456485
07:45:11.766, 2.800032, -103.424703
07:45:14.538, 2.798677, -98.173918
07:45:16.463, 2.797314, -91.863610
07:45:17.663, 2.795945, -95.823852
07:45:22.382, 2.794568, -90.523113
07:45:22.436, 2.793184, -91.136753
07:45:25.467, 2.791793, -85.324933
07:45:30.408, 2.790394, -84.891322
07:45:32.660, 2.788989, -86.648613
07:45:37.309, 2.787576, -76.120978
07:45:41.098, 2.786156, -86.037762
07:45:43.400, 2.784729, -76.635053
07:45:46.601, 2.783294, -83.734987
07:45:47.999, 2.781852, -76.165890
07:45:50.615, 2.780403, -85.300872
07:45:51.171, 2.778946, -86.980101
07:45:53.594, 2.777482, -76.441251
07:45:54.422, 2.776011, -80.103874
07:45:56.523, 2.774532, -76.790374
07:45:58.007, 2.773046, -73.333442
07:46:00.960, 2.771552, -66.228705
07:46:02.495, 2.770051, -65.972193
07:46:02.615, 2.768542, -68.350933
07:46:06.982, 2.767026, -75.879366
07:46:10.492, 2.765502, -72.872399
07:46:14.812, 2.763971, -73.267300
07:46:20.516, 2.762432, -66.616199
07:46:22.712, 2.760886, -55.083920
07:46:27.679, 2.759332, -55.305582
07:46:31.680, 2.757770, -59.416237
07:46:32.682, 2.756201, -60.655535
07:46:33.192, 2.754624, -56.422683
07:46:37.624, 2.753039, -54.655062
07:46:41.553, 2.751447, -61.302006
07:46:41.718, 2.749847, -44.622676
07:46:46.967, 2.748239, -42.225717
07:46:51.898, 2.746624, -55.160182
07:46:55.510, 2.745000, -46.788891
07:47:00.110, 2.743369, -46.244281
07:47:04.538, 2.741730, -55.202981
07:47:07.096, 2.740083, -39.706052
07:47:10.384, 2.738429, -47.554621
07:47:13.388, 2.736766, -48.433245
07:47:17.980, 2.735096, -45.181169
07:47:20.423, 2.733418, -32.989021
07:47:26.144, 2.731731, -30.100941
07:47:27.336, 2.730037, -30.601251
07:47:29.759, 2.728335, -34.197784
07:47:34.465, 2.726625, -41.495179
07:47:37.307, 2.724907, -22.062096
07:47:42.250, 2.723180, -36.231307
07:47:43.683, 2.721446, -29.879998
07:47:44.777, 2.719704, -31.883175
07:47:49.499, 2.717953, -32.875139
07:47:52.472, 2.716195, -15.633413
07:47:57.870, 2.714428, -29.872233
07:48:03.250, 2.712653, -26.656617
07:48:05.364, 2.710870, -22.145553
07:48:09.569, 2.709079, -26.764928
07:48:11.581, 2.707280, -19.387977
07:48:13.647, 2.705472, -5.957005
07:48:17.363, 2.703656, -8.610400
07:48:18.123, 2.701832, -1.748666
07:48:20.196, 2.700000, -8.374054
